task_id,subject,client,event,event_linked,event_stage,event_status,meetings_total,meetings_confirmed,feedback_due,legacy_fb_received_flag,origin,is_test
fc6f5526-b3bd-f111-aaaf-70a8a547dc0a,"Feedback for PTM-CA -  Virtual - January, February (TBC) ",Platinum Group Metals Ltd.,"PTM-CA -  Virtual - January, February (TBC) ",yes,Pre-Launch,Active,0,0,2026-03-10,false,dynamics,false
6f49e7e6-747c-f111-ab0e-0022482c1913,Feedback  for  X-CA - Live - Boston - 8/11 ,TMX Group Ltd.,X-CA - Live - Boston - 8/11 ,yes,Complete,Active,2,2,2026-08-22,false,dynamics,false
91cdc396-828b-f111-ab0f-000d3a8f5e0d,"Feedback for AGI-CA -  Virtual - 8/4, 8/18, 8/20, 8/24, 8/25, 8/26 ",Alamos Gold Inc.,"AGI-CA -  Virtual - 8/4, 8/18, 8/20, 8/24, 8/25, 8/26 ",yes,Complete,Active,3,3,2026-09-06,false,dynamics,false
503e6911-6e79-f111-ab0e-3833c5dc6f0c,"Feedback for ILU-AU -  Virtual - 8/24, 8/25, 8/26, 8/27, 8/28 ",Iluka Resources Limited,"ILU-AU -  Virtual - 8/24, 8/25, 8/26, 8/27, 8/28 ",yes,Pre-Launch,Inactive,0,0,2026-09-08,false,dynamics,false
6b82a8b4-a0ac-f111-aaac-7c1e525aad34,Feedback part 2 test client -,ZZ - Test Client,ZVZZT -  NYC (Reach Sync Test) - 12/1/2026 ,yes,Pre-Launch,Active,0,0,2026-09-09,false,dynamics,false
e4b8a37a-57ac-f111-aaac-3833c5ef9c33,Feedback - MDI - CA - Virtual - 9/16 - Part 2,Major Drilling Group International Inc.,"MDI-CA -  Virtual - 9/16, 9/17 ",yes,Complete,Active,6,6,2026-09-09,false,dynamics,false
2b480e35-4a96-f111-8076-6045bdf023dd,Feedback for AKRBP-NO -  Live - New York - 9/9 ,Aker BP ASA,AKRBP-NO -  Live - New York - 9/9 ,yes,Complete,Active,1,1,2026-09-20,false,dynamics,false
085136c7-a380-f111-ab0e-7c1e52823fcf,"Feedback  for  BEN-AU - Live - London - 9/7, 9/8, 9/9, 9/10 ",Bendigo & Adelaide Bank Ltd.,"BEN-AU - Live - London - 9/7, 9/8, 9/9, 9/10 ",yes,Complete,Active,6,6,2026-09-21,false,dynamics,false
e2ed522d-648b-f111-ab10-7c1e52823fcf,"Feedback  for  TMV-DE - Virtual - 9/1, 9/14 ",TeamViewer SE,"TMV-DE - Virtual - 9/1, 9/14 ",yes,Complete,Active,9,8,2026-09-25,false,dynamics,false
35bacd5d-2097-f111-8075-3833c5ecce62,"Feedback  for  IMD-AU - Live - London - 9/14, 9/15 ",Imdex Ltd.,"IMD-AU - Live - London - 9/14, 9/15 ",yes,Complete,Active,2,2,2026-09-26,false,dynamics,false
6f09532e-b595-f111-8075-70a8a594380a,Feedback for UEC-US -  Live - California - 9/16 ,Uranium Energy Corp.,UEC-US -  Live - California - 9/16 ,yes,Live Outreach,Inactive,0,0,2026-09-27,false,dynamics,false
733e1a90-3f85-f111-ab0e-3833c5ef9c33,"Feedback  for  GOLD-CA - Virtual, Live - New York - 8/17, 8/18, 8/20, 8/21, 8/24, 8/25, 8/28, 9/14, 9/15, 9/16 ",GoldMining Inc.,"GOLD-CA - Virtual, Live - New York - 8/17, 8/18, 8/20, 8/21, 8/24, 8/25, 8/28, 9/14, 9/15, 9/16 ",yes,Complete,Active,10,10,2026-09-27,false,dynamics,false
9b44864c-9d70-f111-ab0d-0022483460ce,Feedback  for  ALH-US - Live - California - 9/16 ,"Alliance Laundry Holdings, Inc.",ALH-US - Live - California - 9/16 ,yes,Complete,Active,3,3,2026-09-27,false,dynamics,false
d4bdd6d3-6b7c-f111-ab0e-7c1e52823fcf,"Feedback  for  X-CA - Live - Sydney - 8/4, 8/6 ",TMX Group Ltd.,"X-CA - Live - Sydney - 8/4, 8/6 ",yes,Complete,Active,0,0,2026-09-27,false,dynamics,false
2313b5fb-4bac-f111-aaac-7c1e525aad34,"Feedback for MDI-CA -  Virtual - 9/16, 9/17 ",Major Drilling Group International Inc.,"MDI-CA -  Virtual - 9/16, 9/17 ",yes,Complete,Active,6,6,2026-09-28,false,dynamics,false
6a4ff701-847f-f111-ab0e-7c1e52823fcf,"Feedback  for  X-CA - Virtual - 8/18, 8/25, 9/8, 9/10, 9/15, 9/17 ",TMX Group Ltd.,"X-CA - Virtual - 8/18, 8/25, 9/8, 9/10, 9/15, 9/17 ",yes,Complete,Active,12,10,2026-09-28,false,dynamics,false
9fc99629-1160-f111-a826-0022483460ce,"Feedback  for  IHG-GB - Live - US, California - 9/14, 9/15, 9/16, 9/17, 9/23, 9/24 ",InterContinental Hotels Group PLC,"IHG-GB - Live - US, California - 9/14, 9/15, 9/16, 9/17, 9/23, 9/24 ",yes,Pre-Launch,Inactive,0,0,2026-09-28,false,dynamics,false
5abe4145-9b91-f111-8076-3833c5ef9c33,"Feedback for EHL-AU -  Virtual - 9/14, 9/15, 9/17, 9/18 ",Emeco Holdings Limited,"EHL-AU -  Virtual - 9/14, 9/15, 9/17, 9/18 ",yes,Pre-Launch,Inactive,0,0,2026-09-29,false,dynamics,false
5e5fdc24-0b7b-f111-ab0e-7c1e52823fcf,"Feedback  for  IGM-CA - Virtual - 9/11, 9/18 ",IGM Financial Inc.,"IGM-CA - Virtual - 9/11, 9/18 ",yes,Complete,Active,8,5,2026-09-29,false,dynamics,false
899bfb8e-b07b-f111-ab0e-70a8a5435b13,Feedback  for  LKQ-US - Live - London - 9/21 ,LKQ Corporation,LKQ-US - Live - London - 9/21 ,yes,Live Outreach,Inactive,2,1,2026-10-02,false,dynamics,false
810b3c12-dbeb-f011-8543-7c1e52153c2d,"Feedback for LKQ-US -  Live - West Coast - 9/21, 9/22 ",LKQ Corporation,"LKQ-US -  Live - West Coast - 9/21, 9/22 ",yes,Preparing Feedback,Inactive,0,0,2026-10-03,false,dynamics,false
c1b79af8-09a3-f111-b8db-7c1e52823fcf,Feedback for IHG-GB -  Live - West Coast - 9/22 ,InterContinental Hotels Group PLC,IHG-GB -  Live - West Coast - 9/22 ,yes,Complete,Active,0,0,2026-10-03,false,dynamics,false
235d652b-934f-f111-bec5-0022483460ce,"Feedback  for  ANN-AU - Live - Europe - 9/21, 9/22, 9/23, 9/24 ",Ansell Limited,"ANN-AU - Live - Europe - 9/21, 9/22, 9/23, 9/24 ",yes,Complete,Active,17,17,2026-10-05,false,dynamics,false
f6c3313c-087b-f111-ab0e-3833c5ef9c33,"Feedback for K-CA -  Virtual - 8/18, 8/19, 9/22, 9/23, 9/24 ",Kinross Gold Corporation,"K-CA -  Virtual - 8/18, 8/19, 9/22, 9/23, 9/24 ",yes,Complete,Active,10,9,2026-10-05,false,dynamics,false
3eb01ee2-c44e-f111-bec6-7ced8dd77286,"Feedback  for  IMD-AU - Virtual - 8/24, 8/25, 8/26, 8/27, 9/21, 9/22, 9/23, 9/24 ",Imdex Ltd.,"IMD-AU - Virtual - 8/24, 8/25, 8/26, 8/27, 9/21, 9/22, 9/23, 9/24 ",yes,Complete,Active,12,12,2026-10-06,false,dynamics,false
669451d7-407a-f111-ab0e-7c1e52823fcf,"Feedback  for  CAPD-GB - Virtual - 9/8, 9/9, 9/10. 9/11, 9/21, 9/22, 9/23, 9/24, 9/25 ",Capital Limited,"CAPD-GB - Virtual - 9/8, 9/9, 9/10. 9/11, 9/21, 9/22, 9/23, 9/24, 9/25 ",yes,Complete,Active,9,8,2026-10-06,false,dynamics,false
a2ec8419-8a8a-f111-ab10-00224827a11e,"Feedback for UNIT-US -  Virtual - 8/24, 8/25, 8/26, 8/27, 8/28, 8/31, 9/1, 9/2, 9/3, 9/4, 9/21, 9/22, 9/23, 9/24, 9/25 ",Uniti Group Inc.,"UNIT-US -  Virtual - 8/24, 8/25, 8/26, 8/27, 8/28, 8/31, 9/1, 9/2, 9/3, 9/4, 9/21, 9/22, 9/23, 9/24, 9/25 ",yes,Complete,Active,9,9,2026-10-06,false,dynamics,false
bbbc73b3-4290-f111-8077-7c1e52823fcf,"Feedback for LHX-US -  Virtual - 9/21, 9/22, 9/23, 9/24, 9/25 ","L3 Harris Technologies, Inc.","LHX-US -  Virtual - 9/21, 9/22, 9/23, 9/24, 9/25 ",yes,Pre-Launch,Inactive,0,0,2026-10-06,false,dynamics,false
bc082159-828f-f111-8077-7c1e52823fcf,"Feedback  for  SFL-US - Live - New York, Boston - 9/10, 9/11, 9/18 ",SFL Corporation Limited,"SFL-US - Live - New York, Boston - 9/10, 9/11, 9/18 ",yes,Complete,Active,3,3,2026-10-06,false,dynamics,false
d842bac3-c189-f111-ab10-7c1e52823fcf,"Feedback for XPRO-US -  Virtual - 8/17, 8/18. 8/19, 8/20, 8/21, 8/24, 8/25, 8/28, 9/1, 9/2, 9/3, 9/4, 9/21, 9/22, 9/23, 9/23, 9/25 ",Expro Group Holdings NV,"XPRO-US -  Virtual - 8/17, 8/18. 8/19, 8/20, 8/21, 8/24, 8/25, 8/28, 9/1, 9/2, 9/3, 9/4, 9/21, 9/22, 9/23, 9/23, 9/25 ",yes,Complete,Active,11,9,2026-10-06,false,dynamics,false
efa5b4d6-8f2e-f111-88b4-0022483460ce,"Feedback  for  KALU-US - Virtual or Live - 9/21, 9/22, 9/23, 9/24, 9/25 ",Kaiser Aluminum Corporation,"KALU-US - Virtual or Live - 9/21, 9/22, 9/23, 9/24, 9/25 ",yes,Pre-Launch,Inactive,0,0,2026-10-06,false,dynamics,false
24d05991-5671-f111-ab0d-0022482ad6f1,Feedback for NILI-CA -  Virtual - Septmeber ,Surge Battery Metals Inc,NILI-CA -  Virtual - Septmeber ,yes,Pre-Launch,Inactive,0,0,2026-10-09,false,dynamics,false
af8dc8ba-81b7-f111-aaac-70a8a547dc0a,Feedback - Part 2 - FER - NY - September & October,Ferrovial SE,"FER-ES - Virtual, Live - New York - 9/10, 9/14, 9/15, 10/1 ",yes,Complete,Active,14,12,2026-10-10,false,dynamics,false
26f6c0c5-f0d9-f011-8544-0022481bf743,Feedback for LDOS-US -  Live - New York - 9/30 ,"Leidos Holdings, Inc.",LDOS-US -  Live - New York - 9/30 ,yes,Preparing Feedback,Inactive,0,0,2026-10-11,false,dynamics,false
4169d30a-c189-f111-ab0f-3833c5ef9c33,"Feedback  for  WCC-US - Virtual, Live - New York - 9/14, 9/15, 9/16, 9/23, 9/28, 9/30 ","WESCO International, Inc.","WCC-US - Virtual, Live - New York - 9/14, 9/15, 9/16, 9/23, 9/28, 9/30 ",yes,Complete,Active,15,13,2026-10-11,false,dynamics,false
76f5fa9a-2c97-f111-8075-3833c5ecce62,"Feedback  for  UTHR-US - Virtual - 9/17, 9/18, 9/21, 9/24, 9/25, 9/28, 9/29, 9/30 ",United Therapeutics Corporation,"UTHR-US - Virtual - 9/17, 9/18, 9/21, 9/24, 9/25, 9/28, 9/29, 9/30 ",yes,Complete,Active,14,14,2026-10-11,false,dynamics,false
9d37c5c2-5780-f111-ab0e-000d3a151650,"Feedback for NCLH-US -  Virtual - 9/21, 9/22, 9/28, 9/29, 9/30 ",Norwegian Cruise Line Holdings Ltd,"NCLH-US -  Virtual - 9/21, 9/22, 9/28, 9/29, 9/30 ",yes,Complete,Active,12,9,2026-10-11,false,dynamics,false
da1cd12f-f826-f111-8341-0022483460ce,"Feedback  for  LUMN-US - Live - London, Europe - TBC ","Lumen Technologies, Inc.","LUMN-US - Live - London, Europe - TBC ",yes,Pause,Active,0,0,2026-10-11,false,dynamics,false
519fe6b1-937f-f111-ab0e-3833c5ef9c33,"Feedback  for  DFY-CA - Virtual - 8/17, 8/18, 9/1, 9/2, 9/8, 9/9, 9/17, 9/22, 9/29, 10/1 ",Definity Financial Corp.,"DFY-CA - Virtual - 8/17, 8/18, 9/1, 9/2, 9/8, 9/9, 9/17, 9/22, 9/29, 10/1 ",yes,Complete,Active,8,8,2026-10-12,false,dynamics,false
980f1f12-c7b1-f111-aaab-00224828a22c,Feedback for NG-GB -  Live - Boston - 10/1 ,National Grid plc,NG-GB -  Live - Boston - 10/1 ,yes,Complete,Active,2,2,2026-10-12,false,dynamics,false
c0e74e5f-1ddd-f011-8544-7ced8d175335,Feedback  for  LAUR-US - Live - New York - 10/1 ,"Laureate Education, Inc.",LAUR-US - Live - New York - 10/1 ,yes,Complete,Active,6,6,2026-10-12,false,dynamics,false
4f004c32-7f9d-f111-b8db-3833c5ef9c33,"Feedback  for  BMY-US - Virtual - 9/17, 9/21, 9/22, 9/24, 9/25, 9/28, 9/29, 10/1, 10/2 ",Bristol-Myers Squibb Company,"BMY-US - Virtual - 9/17, 9/21, 9/22, 9/24, 9/25, 9/28, 9/29, 10/1, 10/2 ",yes,Complete,Active,16,16,2026-10-13,false,dynamics,false
eade4d7b-b27b-f111-ab0e-7c1e52823fcf,"Feedback  for  FEO-CA - Virtual - 8/17, 8/18, 8/19, 8/20, 8/21, 9/28, 9/29, 9/30, 10/1, 10/2 ",Oceanic Iron Ore Corp.,"FEO-CA - Virtual - 8/17, 8/18, 8/19, 8/20, 8/21, 9/28, 9/29, 9/30, 10/1, 10/2 ",yes,Complete,Active,8,7,2026-10-13,false,dynamics,false
2062cfee-92ab-f111-aaac-7c1e52823fcf,"Feedback  for  SNX-US - Live - Toronto - 10/6, 10/7 ",TD Synnex Corporation,"SNX-US - Live - Toronto - 10/6, 10/7 ",yes,Meetings Ongoing,Active,9,9,2026-10-18,false,dynamics,false
08b35df5-ae7b-f111-ab0e-7c1e52823fcf,"Feedback  for  KRP-US - Live - San Francisco, Los Angeles - 10/6, 10/7, 10/8 ",Kimbell Royalty Partners LP,"KRP-US - Live - San Francisco, Los Angeles - 10/6, 10/7, 10/8 ",yes,Meetings Ongoing,Active,7,7,2026-10-19,false,dynamics,false
8f48889e-c8a0-f111-b8dc-7c1e52823fcf,"Feedback for AGI-CA -  Virtual - 10/5, 10/6, 10/8 ",Alamos Gold Inc.,"AGI-CA -  Virtual - 10/5, 10/6, 10/8 ",yes,Meetings Ongoing,Active,7,5,2026-10-19,false,dynamics,false
de399ba5-626a-f111-a826-0022482ad6f1,"Feedback  for  HBR-GB - Live - New York, Montreal, San Francisco, Los Angeles - 9/9, 9/10, 10/6, 10/7, 10/8 ",Harbour Energy Plc,"HBR-GB - Live - New York, Montreal, San Francisco, Los Angeles - 9/9, 9/10, 10/6, 10/7, 10/8 ",yes,Meetings Ongoing,Active,16,15,2026-10-19,false,dynamics,false
e1e89293-4184-f111-ab0f-7c1e52823fcf,"Feedback  for  NDA-DE - Virtual - 9/22, 9/29, 9/30, 10/1, 10/7, 10/8 ",Aurubis AG,"NDA-DE - Virtual - 9/22, 9/29, 9/30, 10/1, 10/7, 10/8 ",yes,Meetings Ongoing,Active,9,8,2026-10-19,false,dynamics,false
e9418b48-df26-f111-8341-0022482ad6f1,"Feedback  for  EMA-CA - Live - London, Europe - 10/5, 10/6, 10/7, 10/8, 10/9 ",Emera Incorporated,"EMA-CA - Live - London, Europe - 10/5, 10/6, 10/7, 10/8, 10/9 ",yes,Meetings Ongoing,Active,6,0,2026-10-19,false,dynamics,false
29bed321-a580-f111-ab0e-3833c5ef9c33,"Feedback  for  EHL-AU - Virtual - 9/14, 9/15, 9/17, 9/18 ",Emeco Holdings Limited,"EHL-AU - Virtual - 9/14, 9/15, 9/17, 9/18 ",yes,Meetings Ongoing,Active,7,6,2026-10-20,false,dynamics,false
4ed22de5-f09b-f111-b8db-7ced8d1d53ec,"Feedback  for  MMA-CA -  Virtual - 9/17, 9/18, 10/1, 10/2, 10/5, 10/6, 10/7, 10/8, 10/9",Midnight Sun Mining Corp.,"MMA-CA -  Virtual - 9/17, 9/18, 10/1, 10/2, 10/5, 10/6, 10/7, 10/8, 10/9",yes,Meetings Ongoing,Active,10,9,2026-10-20,false,dynamics,false
a5c342c8-10b1-f111-aaab-70a8a547dc0a,"Feedback for ALH-US -  Virtual - 10/5, 10/6, 10/7, 10/8, 10/9 ","Alliance Laundry Holdings, Inc.","ALH-US -  Virtual - 10/5, 10/6, 10/7, 10/8, 10/9 ",yes,Meetings Ongoing,Active,12,12,2026-10-20,false,dynamics,false
d0c65560-93a7-f111-b8de-7c1e525aad34,"Feedback for PHOE-IL -  Virtual - 10/5, 10/6, 10/7, 10/8, 10/9 ",Phoenix Financial Ltd,"PHOE-IL -  Virtual - 10/5, 10/6, 10/7, 10/8, 10/9 ",yes,Pause,Active,0,0,2026-10-20,false,dynamics,false
db8a0263-f4c0-f111-aaaf-7c1e520aa110,"Feedback - Part 2 - EDV - Asia, Australia, Europe  - 9/16, 10/13",Endeavour Mining PLC,"EDV-CA - Virtual - Asia, Australia, Europe - 9/16, 10/13 ",yes,Meetings Ongoing,Active,10,10,2026-10-23,false,dynamics,false
3f114c54-487a-f111-ab0e-7c1e524824fb,Feedback  for  BB-US - Live - London - 10/13 ,Blackberry Limited,BB-US - Live - London - 10/13 ,yes,Schedule Closed,Active,9,9,2026-10-24,false,dynamics,false
25c93239-41bc-f111-aaad-7c1e520bc506,"Feedback - Part 2 - VIRI - Virtual, Live - NY - September & October",Viridien,"VIRI-FR - Virtual, Live - New York - 9/8, 9/9, 9/21, 9/22, 9/23, 9/24, 9/25, 10/12, 10/13, 10/14, 10/15, 10/16 ",yes,Meetings Ongoing,Active,13,12,2026-10-26,false,dynamics,false
3ed3614c-1f76-f111-ab0f-0022482ad6f1,"Feedback for TTE-FR -  Live - New York, Boston - 10/14, 10/15 ",TotalEnergies SE,"TTE-FR -  Live - New York, Boston - 10/14, 10/15 ",yes,Schedule Closed,Active,16,16,2026-10-26,false,dynamics,false
59193565-3497-f111-8075-3833c5ecce62,"Feedback  for  CNC-CA - Virtual, Live - New York - 9/28, 9/30, 10/1, 10/5,10/7, 10/9, 10/13, 10/14, 10/15 ",Canada Nickel Company Inc.,"CNC-CA - Virtual, Live - New York - 9/28, 9/30, 10/1, 10/5,10/7, 10/9, 10/13, 10/14, 10/15 ",yes,Live Outreach,Active,8,7,2026-10-26,false,dynamics,false
7b0421a6-3497-f111-8075-3833c5ef9c33,"Feedback  for  CNC-CA - Virtual - 9/28, 9/30, 10/1, 10/5,10/7, 10/9, 10/13, 10/14, 10/15 ",Canada Nickel Company Inc.,"CNC-CA - Virtual - 9/28, 9/30, 10/1, 10/5,10/7, 10/9, 10/13, 10/14, 10/15 ",yes,Pre-Launch,Inactive,0,0,2026-10-26,false,dynamics,false
d0252e17-00a7-f111-b8de-7c1e525aad34,"Feedback  for  WOR-US - Virtual - 9/30, 10/6, 10/7,10/14, 10/15 ","Worthington Enterprises, Inc.","WOR-US - Virtual - 9/30, 10/6, 10/7,10/14, 10/15 ",yes,Meetings Ongoing,Active,12,12,2026-10-26,false,dynamics,false
df0b2e20-8c96-f111-8075-3833c5ef9c33,Feedback for USGO-US -  Live - New York - 10/15 ,U.S. Gold Mining Inc.,USGO-US -  Live - New York - 10/15 ,yes,Schedule Closed,Active,2,2,2026-10-26,false,dynamics,false
3acb4f6f-c043-f111-88b4-0022482ad6f1,"Feedback  for  VOE-AT - Live - New York, Boston, Toronto - 10/13, 10/14, 10/15 ",voestalpine AG,"VOE-AT - Live - New York, Boston, Toronto - 10/13, 10/14, 10/15 ",yes,Schedule Closed,Active,14,14,2026-10-27,false,dynamics,false
44ee075d-e32d-f111-88b4-0022483460ce,"Feedback  for  RGLD-US - Virtual - 10/15, 10/16 ","Royal Gold, Inc.","RGLD-US - Virtual - 10/15, 10/16 ",yes,Schedule Closed,Active,4,4,2026-10-27,false,dynamics,false
9c1a4e60-1398-f111-8076-7c1e52823fcf,Feedback for FEO-CA -  Live - New York - 10/12 ,Oceanic Iron Ore Corp.,FEO-CA -  Live - New York - 10/12 ,yes,Pre-Launch,Inactive,0,0,2026-10-27,false,dynamics,false
d7bec9df-5d71-f111-ab0d-7ced8dd77286,"Feedback for QBE-AU -  Live - London, Europe - 10/12, 10/13, 10/14, 10/15, 10/16 ",QBE Insurance Group Limited,"QBE-AU -  Live - London, Europe - 10/12, 10/13, 10/14, 10/15, 10/16 ",yes,Pre-Launch,Inactive,0,0,2026-10-27,false,dynamics,false
e97d845d-28a6-f111-b8de-7c1e525aad34,"Feedback for IMG-CA -  Virtual - 10/5, 10/6, 10/13, 10/14, 10/15, 10/16, 10/19, 10/20 ",IAMGOLD,"IMG-CA -  Virtual - 10/5, 10/6, 10/13, 10/14, 10/15, 10/16, 10/19, 10/20 ",yes,Meetings Ongoing,Active,10,10,2026-10-31,false,dynamics,false
013c6f7a-10a2-f111-b8db-7c1e525aad34,"Feedback  for  GCT-US - Virtual - 9/16-9/18, 9/21, 9/22, 9/24, 9/25, 9/28-10/2, 10/5-10/9, 10/12-10/16, 10/19-10/23 ","GigaCloud Technology, Inc. Class A","GCT-US - Virtual - 9/16-9/18, 9/21, 9/22, 9/24, 9/25, 9/28-10/2, 10/5-10/9, 10/12-10/16, 10/19-10/23 ",yes,Meetings Ongoing,Active,13,11,2026-11-03,false,dynamics,false
2d9aebac-8096-f111-8075-7c1e52180fad,"Feedback  for  UEC-US - Virtual - 10/13, 10/14, 10/15, 10/16, 10/19, 10/20, 10/21, 10/22, 10/23 ",Uranium Energy Corp.,"UEC-US - Virtual - 10/13, 10/14, 10/15, 10/16, 10/19, 10/20, 10/21, 10/22, 10/23 ",yes,Live Outreach,Active,2,2,2026-11-03,false,dynamics,false
424a774a-6e79-f111-ab0e-3833c5dc6f0c,"Feedback  for  ILU-AU - Virtual, Live - New York, London - 9/8, 10/7, 10/8, 10/9, 10/12, 10/13, 10/14, 10/15 10/19, 10/22, 10/23 ",Iluka Resources Limited,"ILU-AU - Virtual, Live - New York, London - 9/8, 10/7, 10/8, 10/9, 10/12, 10/13, 10/14, 10/15 10/19, 10/22, 10/23 ",yes,Meetings Ongoing,Active,12,12,2026-11-03,false,dynamics,false
4a671ed7-7b96-f111-8075-3833c5ef9c33,"Feedback  for  IAUX-US - Virtual - 9/21, 9/22, 9/23, 9/24, 9/25, 9/28, 9/29, 9/30, 10/1, 10/2, 10/21, 10/23 ",i-80 Gold Corp.,"IAUX-US - Virtual - 9/21, 9/22, 9/23, 9/24, 9/25, 9/28, 9/29, 9/30, 10/1, 10/2, 10/21, 10/23 ",yes,Meetings Ongoing,Active,10,10,2026-11-03,false,dynamics,false
ad720b33-d39c-f111-b8dc-7c1e52823fcf,"Feedback  for  ABX-US - Virtual - 9/21, 9/25, 9/28, 9/29, 9/30, 10/2, 10/12-10/16, 10/19-10/23 ","Abacus Global Management, Inc.","ABX-US - Virtual - 9/21, 9/25, 9/28, 9/29, 9/30, 10/2, 10/12-10/16, 10/19-10/23 ",yes,Meetings Ongoing,Active,9,8,2026-11-03,false,dynamics,false
3b5404e2-83ac-f111-aaac-3833c5ef9c33,"Feedback  for  EQX-CA - Virtual - 10/27, 10/28, 10/29 ",Equinox Gold Corp.,"EQX-CA - Virtual - 10/27, 10/28, 10/29 ",yes,Live Outreach,Active,4,4,2026-11-09,false,dynamics,false
b03ada86-9484-f111-ab0f-6045bdf023dd,"Feedback  for  4DX-AU - Virtual - 9/16, 9/17, 9/21, 9/23, 9/24, 9/28, 9/29, 10/5, 10/6, 10/7, 10/12, 10/13, 10/14, 10/15, 10/29 ",4D Medical Ltd.,"4DX-AU - Virtual - 9/16, 9/17, 9/21, 9/23, 9/24, 9/28, 9/29, 10/5, 10/6, 10/7, 10/12, 10/13, 10/14, 10/15, 10/29 ",yes,Meetings Ongoing,Active,8,7,2026-11-09,false,dynamics,false
1d1a6649-546e-f111-ab0d-7ced8dd77286,Feedback for MDI-CA -  Live - Texas - October ,Major Drilling Group International Inc.,MDI-CA -  Live - Texas - October ,yes,Pre-Launch,Inactive,0,0,2026-11-10,false,dynamics,false
3ced5d6f-97c1-f111-aaaf-70a8a547dc0a,Feedback - Part 2 - Rand - Virtual - August - October,Randstad NV,"RAND-NL - Virtual - 8/25, 8/26, 8/27, 8/31, 9/3, 9/15, 10/27, 10/28, 10/29 ",yes,Meetings Ongoing,Active,8,8,2026-11-10,false,dynamics,false
e176797c-08b6-f111-aaab-7c1e520aa110,"Feedback for ALK-AU -  Virtual - 10/12, 10/13, 10/14, 10/15, 10/19, 10/20, 10/26, 10/29, 10/30 ",Alkane Resources Ltd.,"ALK-AU -  Virtual - 10/12, 10/13, 10/14, 10/15, 10/19, 10/20, 10/26, 10/29, 10/30 ",yes,Live Outreach,Active,6,6,2026-11-10,false,dynamics,false
f7f76b25-59a8-f111-b8de-7c1e525aad34,"Feedback for PTM-CA -  Virtual - 10/13, 10/14, 10/15, 10/16, 10/19, 10/20, 10/21, 10/23, 10/26, 10/27, 10/30 ",Platinum Group Metals Ltd.,"PTM-CA -  Virtual - 10/13, 10/14, 10/15, 10/16, 10/19, 10/20, 10/21, 10/23, 10/26, 10/27, 10/30 ",yes,Schedule Closed,Active,10,10,2026-11-10,false,dynamics,false
9aea5d63-ee1e-f111-8341-0022482ad6f1,"Feedback  for  VAR-NO - Live - New York, Boston, Toronto - 11/2, 11/3, 11/4 ",Var Energi ASA,"VAR-NO - Live - New York, Boston, Toronto - 11/2, 11/3, 11/4 ",yes,Live Outreach,Active,7,7,2026-11-15,false,dynamics,false
2b9a5d57-7ddb-f011-8544-0022481bf743,"Feedback for ITRK-GB -  Live - Los Angeles, San Francisco, Denver - 11/3, 11/4, 11/5 ",Intertek Group Plc,"ITRK-GB -  Live - Los Angeles, San Francisco, Denver - 11/3, 11/4, 11/5 ",yes,Pre-Launch,Inactive,0,0,2026-11-16,false,dynamics,false
3cd7657b-47b1-f111-aaab-7c1e520aa110,"Feedback  for  CS-CA - Virtual, Live - London, Los Angeles, San Francisco, Montreal - 9/24, 10/13, 10/15, 10/19, 11/2, 11/3, 11/4, 11/5 ",Capstone Copper Corp.,"CS-CA - Virtual, Live - London, Los Angeles, San Francisco, Montreal - 9/24, 10/13, 10/15, 10/19, 11/2, 11/3, 11/4, 11/5 ",yes,Live Outreach,Active,16,14,2026-11-16,false,dynamics,false
79122059-1a90-f111-8076-3833c5ef9c33,"Feedback  for  VZLA-CA - Virtual - 10/27, 10/29, 11/3, 11/5 ",Vizsla Silver Corp.,"VZLA-CA - Virtual - 10/27, 10/29, 11/3, 11/5 ",yes,Schedule Closed,Active,10,10,2026-11-16,false,dynamics,false
bec6146c-062a-f111-8341-0022482ad6f1,Feedback for WDS-AU -  Live - US - 11/5 ,Woodside Energy Group Ltd,WDS-AU -  Live - US - 11/5 ,yes,Pre-Launch,Inactive,0,0,2026-11-16,false,dynamics,false
c4392d0c-0d9c-f111-b8dc-7c1e52823fcf,"Feedback  for  CGNT-CA - Virtual - 10/5, 10/6, 10/7, 10/26, 10/27, 10/28, 10/29, 10/30, 11/2, 11/3, 11/4, 11/5, 11/6 ",Copper Giant Resources Corp,"CGNT-CA - Virtual - 10/5, 10/6, 10/7, 10/26, 10/27, 10/28, 10/29, 10/30, 11/2, 11/3, 11/4, 11/5, 11/6 ",yes,Live Outreach,Active,7,6,2026-11-17,false,dynamics,false
859aea8b-b239-f111-88b3-7c1e525b7495,Feedback  for  WDS-AU - Live - Boston - 11/10 ,Woodside Energy Group Ltd,WDS-AU - Live - Boston - 11/10 ,yes,Pre-Launch,Active,0,0,2026-11-21,false,dynamics,false
15226f0d-24a2-f111-b8dc-7c1e52823fcf,"Feedback  for  TNL-US - Virtual, Live - Chicago - 11/10, 11/12 ",Travel + Leisure Co.,"TNL-US - Virtual, Live - Chicago - 11/10, 11/12 ",yes,Live Outreach,Active,1,1,2026-11-23,false,dynamics,false
7c6911e4-d686-f111-ab0e-3833c5ef9c33,Feedback  for  AGI-CA - Live - Amsterdam - 11/12 ,Alamos Gold Inc.,AGI-CA - Live - Amsterdam - 11/12 ,yes,Live Outreach,Active,2,2,2026-11-23,false,dynamics,false
2ae90ef2-8f9d-f111-b8dc-7c1e52823fcf,"Feedback  for  LKQ-US - Live - US - 11/12, 11/13, 12/3, 12/4 ",LKQ Corporation,"LKQ-US - Live - US - 11/12, 11/13, 12/3, 12/4 ",yes,Pre-Launch,Inactive,0,0,2026-11-24,false,dynamics,false
4bd7a7f3-55b8-f111-aaab-7c1e520aa110,"Feedback  for  STC-US - Virtual - 11/2, 11/10, 11/12, 11/13 ",Stewart Information Services Corporation,"STC-US - Virtual - 11/2, 11/10, 11/12, 11/13 ",yes,Pre-Launch,Active,0,0,2026-11-24,false,dynamics,false
4df00c96-26ad-f111-aaac-3833c5ef9c33,"Feedback  for  TEMN-CH - Virtual - 11/11, 11/13 ",Temenos AG,"TEMN-CH - Virtual - 11/11, 11/13 ",yes,Pre-Launch,Active,0,0,2026-11-24,false,dynamics,false
0ef7dffa-8f2e-f111-88b4-0022483460ce,"Feedback  for  KALU-US - Virtual - 11/9, 11/16 ",Kaiser Aluminum Corporation,"KALU-US - Virtual - 11/9, 11/16 ",yes,Pre-Launch,Active,0,0,2026-11-27,false,dynamics,false
f75a5a26-7e75-f111-ab0f-0022483460ce,"Feedback  for  NUE-US - Virtual - 11/2, 11/3, 11/4, 11/5, 11/6, 11/12, 11/16 ",Nucor Corporation,"NUE-US - Virtual - 11/2, 11/3, 11/4, 11/5, 11/6, 11/12, 11/16 ",yes,Pre-Launch,Active,0,0,2026-11-27,false,dynamics,false
2e7e01bf-4fb0-f111-aaab-00224828a22c,"Feedback for LIFT-CA -  Virtual - 10/12, 10/13, 10/14, 10/15, 10/16, 10/19, 10/20, 10/21, 10/22, 10/23, 11/9, 11/10, 11/16, 11/17 ",Li-FT Power Ltd.,"LIFT-CA -  Virtual - 10/12, 10/13, 10/14, 10/15, 10/16, 10/19, 10/20, 10/21, 10/22, 10/23, 11/9, 11/10, 11/16, 11/17 ",yes,Live Outreach,Active,2,2,2026-11-28,false,dynamics,false
fac28612-f4c0-f111-aaaf-7c1e520aa110,Feedback for SNX-US -  Virtual - Early-Mid November ,TD Synnex Corporation,"SNX-US - Virtual - 11/16, 11/17 ",yes,Pre-Launch,Active,0,0,2026-11-28,false,dynamics,false
faccc659-8619-f111-8342-0022482ad6f1,"Feedback for IHG-GB -  Live - USA, Toronto - 11/14, 11/15, 11/16, 11/17 ",InterContinental Hotels Group PLC,"IHG-GB -  Live - USA, Toronto - 11/14, 11/15, 11/16, 11/17 ",yes,Pre-Launch,Inactive,0,0,2026-11-28,false,dynamics,false
e727ada5-1585-f111-ab0e-70a8a58b279c,Feedback  for  FER-ES - Live - Texas - 11/18 ,Ferrovial SE,FER-ES - Live - Texas - 11/18 ,yes,Pre-Launch,Active,0,0,2026-11-29,false,dynamics,false
08a63f8b-9186-f111-ab0f-7c1e52823fcf,"Feedback  for  ILU-AU - Live - Singapore - 11/18, 11/19 ",Iluka Resources Limited,"ILU-AU - Live - Singapore - 11/18, 11/19 ",yes,Pre-Launch,Active,0,0,2026-11-30,false,dynamics,false
08c3e4e9-91bd-f111-aaaf-7c1e520aa110,"Feedback  for  AKRBP-NO - Live - Boston, Toronto, New York - 11/17, 11/18, 11/19 ",Aker BP ASA,"AKRBP-NO - Live - Boston, Toronto, New York - 11/17, 11/18, 11/19 ",yes,Live Outreach,Active,0,0,2026-11-30,false,dynamics,false
7bad5495-d6b2-f111-aaab-7c1e520aa110,"Feedback  for  DSFIR-NL - Live - Toronto, New York, Los Angeles, San Francisco, Boston, Chicago - 11/9, 11/10, 11/11, 11/12, 11/18, 11/19 ",DSM-Firmenich AG,"DSFIR-NL - Live - Toronto, New York, Los Angeles, San Francisco, Boston, Chicago - 11/9, 11/10, 11/11, 11/12, 11/18, 11/19 ",yes,Pre-Launch,Active,0,0,2026-11-30,false,dynamics,false
90d4559a-0401-f111-8406-0022483460ce,"Feedback  for  WS-US - Virtual, Live - New York, Boston - 10/14, 10/15, 10/29, 11/12, 11/19 ","Worthington Steel, Inc.","WS-US - Virtual, Live - New York, Boston - 10/14, 10/15, 10/29, 11/12, 11/19 ",yes,Live Outreach,Active,17,17,2026-11-30,false,dynamics,false
9acb6dff-1ddd-f011-8544-0022481bf743,"Feedback  for  LAUR-US - Virtual, Live - California, Washington - 11/9, 11/10, 11/11, 11/17, 11/18, 11/19 ","Laureate Education, Inc.","LAUR-US - Virtual, Live - California, Washington - 11/9, 11/10, 11/11, 11/17, 11/18, 11/19 ",yes,Live Outreach,Active,3,3,2026-11-30,false,dynamics,false
0aa1cd2c-bb4f-f111-bec5-0022483460ce,Feedback  for  LAUR-US - Live - West Coast - TBC ,"Laureate Education, Inc.",LAUR-US - Live - West Coast - TBC ,yes,Pre-Launch,Inactive,0,0,2026-12-01,false,dynamics,false
1a2dfe88-abb6-f111-aaab-7c1e520aa110,"Feedback  for  UNIT-US - Virtual - 11/16, 11/17, 11/19, 11/20 ",Uniti Group Inc.,"UNIT-US - Virtual - 11/16, 11/17, 11/19, 11/20 ",yes,Live Outreach,Active,0,0,2026-12-01,false,dynamics,false
7955974b-bdb6-f111-aaab-00224828a22c,"Feedback  for  GBX-US - Virtual - 11/12, 11/19, 11/20 ","Greenbrier Companies, Inc.","GBX-US - Virtual - 11/12, 11/19, 11/20 ",yes,Pre-Launch,Active,1,1,2026-12-01,false,dynamics,false
b57bbc0e-c54e-f111-bec6-0022482ad6f1,"Feedback  for  IMD-AU - Live - Chicago, New York - 11/16, 11/17, 11/19 ",Imdex Ltd.,"IMD-AU - Live - Chicago, New York - 11/16, 11/17, 11/19 ",yes,Live Outreach,Active,0,0,2026-12-01,false,dynamics,false
7be7f26b-8b9d-f111-b8db-3833c5ef9c33,"Feedback for 4DX-AU -  Virtual - 11/2, 11/3, 11/4, 11/5, 11/9, 11/10, 11/11, 11/12, 11/23, 11/24 ",4D Medical Ltd.,"4DX-AU -  Virtual - 11/2, 11/3, 11/4, 11/5, 11/9, 11/10, 11/11, 11/12, 11/23, 11/24 ",yes,Pre-Launch,Active,0,0,2026-12-05,false,dynamics,false
2275ff57-1dbc-f111-aaad-7c1e520bc506,"Feedback for OR-CA -  Virtual, Live - London - 10/26, 10/27, 10/28, 10/29, 10/30, 11/2, 11/3, 11/4, 11/5, 11/6, 11/16, 11/17, 11/18, 11/19, 11/20 ",OR Royalties Inc.,"OR-CA -  Virtual, Live - London - 10/26, 10/27, 10/28, 10/29, 10/30, 11/2, 11/3, 11/4, 11/5, 11/6, 11/16, 11/17, 11/18, 11/19, 11/20 ",yes,Live Outreach,Active,2,2,2026-12-06,false,dynamics,false
2434fff3-4b4a-f111-bec5-0022483460ce,"Feedback for USGO-US -  Live - London, Europe - 11/20, 11/25, 11/25 ",U.S. Gold Mining Inc.,"USGO-US -  Live - London, Europe - 11/20, 11/25, 11/25 ",yes,Pre-Launch,Inactive,0,0,2026-12-06,false,dynamics,false
2f13528f-2090-f111-8076-70a8a5980716,"Feedback  for  VOE-AT - Virtual - 11/19, 11/23, 11/24, 11/25 ",voestalpine AG,"VOE-AT - Virtual - 11/19, 11/23, 11/24, 11/25 ",yes,Pre-Launch,Active,0,0,2026-12-06,false,dynamics,false
a79afd50-4c4a-f111-bec6-0022482ad6f1,"Feedback for GOLD-CA -  Live - London, Europe - 11/20, 11/25, 11/26 ",GoldMining Inc.,"GOLD-CA -  Live - London, Europe - 11/20, 11/25, 11/26 ",yes,Pre-Launch,Inactive,0,0,2026-12-07,false,dynamics,false
fbb54fc6-231e-f111-8341-0022483460ce,Feedback  for  EDV-CA - Live - Boston - 11/30 ,Endeavour Mining PLC,EDV-CA - Live - Boston - 11/30 ,yes,Pre-Launch,Active,0,0,2026-12-11,false,dynamics,false
d4910f1a-90b2-f111-aaab-00224828a22c,"Feedback for EMA-CA -  Virtual - 11/30, 12/1 ",Emera Incorporated,"EMA-CA -  Virtual - 11/30, 12/1 ",yes,Pre-Launch,Active,0,0,2026-12-12,false,dynamics,false
90d2690c-81ac-f111-aaac-7c1e525aad34,Feedback for NUE-US -  Live - 12/2 ,Nucor Corporation,NUE-US -  Live - 12/2 ,yes,Pre-Launch,Active,1,1,2026-12-13,false,dynamics,false
c6c5ff8f-b173-f111-ab0f-7ced8dd77286,"Feedback  for  ANN-AU - Live - New York, Boston, Chicago - 11/30, 12/1, 12/2, 12/3 ",Ansell Limited,"ANN-AU - Live - New York, Boston, Chicago - 11/30, 12/1, 12/2, 12/3 ",yes,Pre-Launch,Active,0,0,2026-12-13,false,dynamics,false
f3f17058-648b-f111-ab10-7c1e52823fcf,"Feedback  for  TMV-DE - Virtual - 11/10, 11/30, 12/7 ",TeamViewer SE,"TMV-DE - Virtual - 11/10, 11/30, 12/7 ",yes,Pre-Launch,Active,0,0,2026-12-13,false,dynamics,false
1173e1d3-a4c1-f111-aaad-000d3a1c51d6,"Feedback for NCLH-US -  Live - New York, Boston - 12/2, 12/3 ",Norwegian Cruise Line Holdings Ltd,"NCLH-US -  Live - New York, Boston - 12/2, 12/3 ",yes,Pre-Launch,Active,0,0,2026-12-14,false,dynamics,false
456c0d39-6d5b-f111-bec7-7ced8dd77286,"Feedback  for  FER-ES - Virtual - 12/1, 12/2, 12/3 ",Ferrovial SE,"FER-ES - Virtual - 12/1, 12/2, 12/3 ",yes,Pre-Launch,Active,0,0,2026-12-14,false,dynamics,false
c4f92542-fda6-f111-b8de-7c1e525aad34,"Feedback  for  MX-CA - Virtual - 11/24, 11/25, 12/1, 12/2, 12/3 ",Methanex Corporation,"MX-CA - Virtual - 11/24, 11/25, 12/1, 12/2, 12/3 ",yes,Pre-Launch,Active,0,0,2026-12-14,false,dynamics,false
f23a0e74-ccbc-f111-aaaf-00224828a22c,"Feedback for ALH-US -  Live - New York, Boston - 12/1, 12/3 ","Alliance Laundry Holdings, Inc.","ALH-US -  Live - New York, Boston - 12/1, 12/3 ",yes,Pre-Launch,Active,0,0,2026-12-14,false,dynamics,false
f8b64b8a-6ba8-f111-b8de-7c1e52823fcf,"Feedback  for  IHG-GB - Live - New York - 12/1, 12/3 ",InterContinental Hotels Group PLC,"IHG-GB - Live - New York - 12/1, 12/3 ",yes,Pre-Launch,Active,0,0,2026-12-14,false,dynamics,false
2700e9d0-4eb0-f111-aaab-00224828a22c,"Feedback for EHL-AU -  Live - New York, Boston, Toronto - 11/30, 12/1, 12/2 ",Emeco Holdings Limited,"EHL-AU -  Live - New York, Boston, Toronto - 11/30, 12/1, 12/2 ",yes,Pre-Launch,Inactive,0,0,2026-12-15,false,dynamics,false
3c1a83c3-bb94-f111-8075-3833c5ef9c33,"Feedback  for  LUMN-US - Virtual - 11/30, 12/2, 12/3, 12/4 ","Lumen Technologies, Inc.","LUMN-US - Virtual - 11/30, 12/2, 12/3, 12/4 ",yes,Pre-Launch,Active,0,0,2026-12-15,false,dynamics,false
68d02d04-9769-f111-a825-0022483460ce,"Feedback  for  ARIS-CA - Live - Boston, Toronto, Montreal - 12/1, 12/2, 12/3 ",Aris Mining Corp,"ARIS-CA - Live - Boston, Toronto, Montreal - 12/1, 12/2, 12/3 ",yes,Live Outreach,Active,1,1,2026-12-15,false,dynamics,false
de1ec5e4-6eb3-f111-aaab-00224828a22c,"Feedback  for  EHL-AU - Virtual - 11/2, 11/3, 11/4, 11/5, 11/6, 11/30, 12/1, 12/2, 12/3, 12/4 ",Emeco Holdings Limited,"EHL-AU - Virtual - 11/2, 11/3, 11/4, 11/5, 11/6, 11/30, 12/1, 12/2, 12/3, 12/4 ",yes,Pre-Launch,Active,0,0,2026-12-15,false,dynamics,false
e30bba8e-b268-f111-a826-7ced8dd77286,"Feedback  for  SBRY-GB - Live - New York, Los Angeles, San Francisco, Boston, Toronto, Montreal - 11/9, 11/10, 11/11, 11/12, 12/3, 12/4 ",Sainsbury Plc,"SBRY-GB - Live - New York, Los Angeles, San Francisco, Boston, Toronto, Montreal - 11/9, 11/10, 11/11, 11/12, 12/3, 12/4 ",yes,Pre-Launch,Active,0,0,2026-12-15,false,dynamics,false
c13ee8c4-829d-f111-b8dc-7c1e52823fcf,"Feedback for BMY-US -  Virtual - 11/2, 11/3, 11/4, 11/5, 11/6, 11/30, 12/1, 12/4, 12/7, 12/8 ",Bristol-Myers Squibb Company,"BMY-US -  Virtual - 11/2, 11/3, 11/4, 11/5, 11/6, 11/30, 12/1, 12/4, 12/7, 12/8 ",yes,Pre-Launch,Active,0,0,2026-12-19,false,dynamics,false
3e4dded3-20dc-f011-8544-0022481bf743,"Feedback  for  IHG-GB - Virtual, Live - Miami - 11/16, 11/17, 12/7, 12/8, 12/9 ",InterContinental Hotels Group PLC,"IHG-GB - Virtual, Live - Miami - 11/16, 11/17, 12/7, 12/8, 12/9 ",yes,Pre-Launch,Active,0,0,2026-12-20,false,dynamics,false
8f291768-5b71-f111-ab0d-7ced8dd77286,"Feedback for RAND-NL -  Live - West Coast, East Coast - 11/16, 11/17, 12/9 ",Randstad NV,"RAND-NL -  Live - West Coast, East Coast - 11/16, 11/17, 12/9 ",yes,Pre-Launch,Inactive,0,0,2026-12-20,false,dynamics,false
8f55db50-dbeb-f011-8543-7c1e52153c2d,"Feedback  for  LKQ-US - Virtual, Live - London, Edinburgh - 11/12, 11/13, 12/3, 12/4, 12/7, 12/9 ",LKQ Corporation,"LKQ-US - Virtual, Live - London, Edinburgh - 11/12, 11/13, 12/3, 12/4, 12/7, 12/9 ",yes,Pre-Launch,Active,0,0,2026-12-20,false,dynamics,false
9305cf10-9095-f111-8076-7c1e52823fcf,"Feedback  for  NG-GB - Live - New York, San Francisco, Los Angeles - 11/17, 11/18, 11/19, 12/9 ",National Grid plc,"NG-GB - Live - New York, San Francisco, Los Angeles - 11/17, 11/18, 11/19, 12/9 ",yes,Live Outreach,Active,17,17,2026-12-20,false,dynamics,false
c5177e96-296b-f111-a825-0022483460ce,"Feedback  for  MDI-CA - Live - Boston, New York - 12/8, 12/9 ",Major Drilling Group International Inc.,"MDI-CA - Live - Boston, New York - 12/8, 12/9 ",yes,Pre-Launch,Active,0,0,2026-12-20,false,dynamics,false
d4f977a0-bdb2-f111-aaab-7c1e520aa110,"Feedback for HBM-CA -  Virtual - 11/16, 11/18, 11/23, 11/24, 12/8, 12/9 ",Hudbay Minerals Inc.,"HBM-CA -  Virtual - 11/16, 11/18, 11/23, 11/24, 12/8, 12/9 ",yes,Pre-Launch,Active,0,0,2026-12-20,false,dynamics,false
d8fc91c9-2c97-f111-8076-7c1e52823fcf,"Feedback for UTHR-US -  Live - New York - 12/1, 12/2, 12/3 ",United Therapeutics Corporation,"UTHR-US -  Live - New York - 12/1, 12/2, 12/3 ",yes,Pre-Launch,Active,0,0,2026-12-20,false,dynamics,false
046c2893-e32d-f111-88b4-0022482ad6f1,"Feedback  for  RGLD-US - Live - New York, Boston - 12/8, 12/9, 12/10 ","Royal Gold, Inc.","RGLD-US - Live - New York, Boston - 12/8, 12/9, 12/10 ",yes,Pre-Launch,Active,0,0,2026-12-21,false,dynamics,false
32c03577-3e6f-f111-ab0d-0022483460ce,"Feedback for MG-CA -  Live - 12/7, 12/8, 12/9, 12/10 ",Magna International Inc.,"MG-CA -  Live - 12/7, 12/8, 12/9, 12/10 ",yes,Pre-Launch,Active,0,0,2026-12-21,false,dynamics,false
7666d16c-fece-f011-bbd3-7ced8d175335,"Feedback  for  GWO-CA - Virtual - 12/8, 12/9, 12/10 ",Great-West Lifeco Inc.,"GWO-CA - Virtual - 12/8, 12/9, 12/10 ",yes,Pre-Launch,Active,0,0,2026-12-21,false,dynamics,false
aace0c56-008a-f111-ab10-7c1e52823fcf,"Feedback  for  HBR-GB - Live - Midwest, Boston, Toronto - 11/10, 11/11, 11/12, 12/9, 12/10 ",Harbour Energy Plc,"HBR-GB - Live - Midwest, Boston, Toronto - 11/10, 11/11, 11/12, 12/9, 12/10 ",yes,Pre-Launch,Active,0,0,2026-12-21,false,dynamics,false
83ee7a49-0b7b-f111-ab0e-7c1e52823fcf,"Feedback  for  IGM-CA - Live - West Coast, London - 11,17, 11/18, 11/30, 12/1, 12/2, 12/3, 12/4, 12/7, 12/8, 12/9, 12/10. 12/11 ",IGM Financial Inc.,"IGM-CA - Live - West Coast, London - 11,17, 11/18, 11/30, 12/1, 12/2, 12/3, 12/4, 12/7, 12/8, 12/9, 12/10. 12/11 ",yes,Pre-Launch,Active,0,0,2026-12-22,false,dynamics,false
f7055c61-81ab-f111-aaac-7c1e52823fcf,Feedback for NDA-DE -  Virtual - 12/15 ,Aurubis AG,NDA-DE -  Virtual - 12/15 ,yes,Pre-Launch,Active,0,0,2026-12-26,false,dynamics,false
030d66e9-b3bd-f111-aaaf-70a8a547dc0a,"Feedback for GRO-US -  Virtual - 11/2, 11/3, 11/4, 11/5, 11/6, 11/9, 11/10, 11/11, 11/12, 11/13, 11/16, 11/17, 11/18, 12/2, 12/9, 12/ ",Brazil Potash Corp.,"GRO-US -  Virtual - 11/2, 11/3, 11/4, 11/5, 11/6, 11/9, 11/10, 11/11, 11/12, 11/13, 11/16, 11/17, 11/18, 12/2, 12/9, 12/ ",yes,Pre-Launch,Active,0,0,2026-12-27,false,dynamics,false
0d928796-48bc-f111-aaaf-7c1e520aa110,"Feedback for X-CA -  Virtual - 11/5, 11/10, 11/12, 11/19, 12/1, 12/3, 12/8, 12/10, 12/17 ",TMX Group Ltd.,"X-CA -  Virtual - 11/5, 11/10, 11/12, 11/19, 12/1, 12/3, 12/8, 12/10, 12/17 ",yes,Pre-Launch,Active,1,1,2026-12-28,false,dynamics,false
16e9926a-24a2-f111-b8dc-3833c5ef9c33,"Feedback  for  TNL-US - Virtual, Live - New York - 12/2, 12/16, 12/17 ",Travel + Leisure Co.,"TNL-US - Virtual, Live - New York - 12/2, 12/16, 12/17 ",yes,Pre-Launch,Active,0,0,2026-12-28,false,dynamics,false
bf2a5c99-cabd-f111-aaaf-7c1e520aa110,"Feedback  for  WCC-US - Virtual, Live -Toronto, Montreal - 11/19, 11/20, 12/2, 12/3, 12/4, 12/14, 12/15, 12/16, 12/17 ","WESCO International, Inc.","WCC-US - Virtual, Live -Toronto, Montreal - 11/19, 11/20, 12/2, 12/3, 12/4, 12/14, 12/15, 12/16, 12/17 ",yes,Pre-Launch,Active,0,0,2026-12-28,false,dynamics,false
29d2e493-d39c-f111-b8db-6045bddbdd58,"Feedback for ABX-US -  Virtual - 11/30, 12/1, 12/2, 12/3, 12/4, 12/14, 12/16, 12/16, 12/17, 12/18 ","Abacus Global Management, Inc.","ABX-US -  Virtual - 11/30, 12/1, 12/2, 12/3, 12/4, 12/14, 12/16, 12/16, 12/17, 12/18 ",yes,Pre-Launch,Active,0,0,2026-12-29,false,dynamics,false
5939bed4-01b1-f111-aaab-70a8a547dc0a,"Feedback for KRP-US -  Virtual - 12/14, 12/15, 12/16, 12/17, 12/18 ",Kimbell Royalty Partners LP,"KRP-US -  Virtual - 12/14, 12/15, 12/16, 12/17, 12/18 ",yes,Pre-Launch,Active,1,0,2026-12-29,false,dynamics,false
e5f59bfb-83ac-f111-aaac-7c1e52823fcf,Feedback for EQX-CA -  Virtual - December (TBC) ,Equinox Gold Corp.,EQX-CA -  Virtual - December (TBC) ,yes,Pre-Launch,Active,0,0,2026-12-29,false,dynamics,false
f6c775e1-abb6-f111-aaab-00224828a22c,"Feedback  for  UNIT-US - Virtual - 12/10, 12/14, 12/15, 12/16, 12/17, 12/18 ",Uniti Group Inc.,"UNIT-US - Virtual - 12/10, 12/14, 12/15, 12/16, 12/17, 12/18 ",yes,Live Outreach,Active,0,0,2026-12-29,false,dynamics,false
57b0840d-6fb3-f111-aaab-7c1e520aa110,Feedback for EHL-AU -  Live - North America - Mid January (TBC) ,Emeco Holdings Limited,EHL-AU -  Live - North America - Mid January (TBC) ,yes,Pre-Launch,Active,0,0,2027-02-02,false,dynamics,false
0fb8aaa8-2090-f111-8076-3833c5ef9c33,"Feedback for VOE-AT -  Live - San Francisco, Los Angeles - 2/16, 2/17, 2/18 ",voestalpine AG,"VOE-AT -  Live - San Francisco, Los Angeles - 2/16, 2/17, 2/18 ",yes,Pre-Launch,Active,0,0,2027-03-01,false,dynamics,false
edf91141-90b2-f111-aaab-70a8a547dc0a,Feedback for EMA-CA -  Virtual - Jan/Feb (TBC) ,Emera Incorporated,EMA-CA -  Virtual - Jan/Feb (TBC) ,yes,Pre-Launch,Active,0,0,2027-03-11,false,dynamics,false
e4e16420-55b0-f111-aaab-70a8a547dc0a,"Feedback for ANN-AU -  Live - US - 5/17, 5/18, 5/19, 5/20 ",Ansell Limited,"ANN-AU -  Live - US - 5/17, 5/18, 5/19, 5/20 ",yes,Pre-Launch,Active,0,0,2027-05-31,false,dynamics,false
d5aea281-7ec1-f111-aaaf-7c1e520aa110,"Feedback  for  VAR-NO - Live - US (TBC) - March, June ",Var Energi ASA,"VAR-NO - Live - US (TBC) - March, June ",yes,Pre-Launch,Active,0,0,2027-06-22,false,dynamics,false